tweet,Created-At,From-User,Retweet-Count,Account,Id
Democratic Coalition on Twitter: &quot;Three Vegas-area digital billboards are up telling Nevada voters about the time Trump rubber-stamp @DeanHeller voted to cut 122K of his own constituents off their health care. Vote for @RosenForNevada and help us put up more billboards here: https://t.co/zWK84Iw2uj #NVsenate… https://t.co/lqOGoeZUCi&quot;,2018-10-23 15:53:39,Democratic Coalition,43.0,Heller,1054823184506200000.0
Democratic Coalition on Twitter: &quot;Three Vegas-area digital billboards are up telling Nevada voters about the time Trump rubber-stamp @DeanHeller voted to cut 122K of his own constituents off their health care. Vote for @RosenForNevada and help us put up more billboards here: https://t.co/zWK84Iw2uj #NVsenate… https://t.co/lqOGoeZUCi&quot;,2018-10-23 15:53:39,Democratic Coalition,43.0,Heller,1054823184506200000.0
"Human Rights Campaign on Twitter: &quot;FACT: @DeanHeller voted to take away your health care, voted for discrimination in our military and voted against hate crimes legislation. #NVSen #NVPol #ReadyForRosen… https://t.co/8bH3DjhAY9&quot;",2018-10-22 21:30:00,Human Rights Campaign,36.0,Heller,1054545441587680000.0
Human Rights Campaign on Twitter: &quot;.@DeanHeller wants to turn back the clock on equality. Nevadans deserve better. #TurnOUT and vote for Jacky Rosen (@RosenforNevada) on November 6. #NVSen #NVPol #ReadyForRosen #NoHeller… https://t.co/NVsmQ4DwW6&quot;,2018-10-21 22:00:00,Human Rights Campaign,38.0,Heller,1054190604165440000.0
"Soccer Thoughts on Twitter: &quot;We will take back the Supreme Court, even if we have to claw our way in! #SCOTUS #ImpeachKavanaugh #ImpeachTrump #BlueWave2018 https://t.co/OTqAWeFBkI&quot;",2018-10-23 16:11:30,Soccer Thoughts,.0,Heller,1054827675448040000.0
"Tim on Twitter: &quot;Yeah, but in 2012 @DeanHeller hasn&#39;t yet voted to kill tens of thousands of Americans by denying them healthcare and he hasn&#39;t yet voted for the rapey liar for SCOTUS.&#10;Hopefully this year @RosenforNevada kicks him out of power.&#10;#NVSen… https://t.co/KMMrrFUmiA&quot;",2018-10-23 16:08:16,Tim,.0,Heller,1054826860838740000.0
"Michael Soneff on Twitter: &quot;Glad to know your mommy believes you’re not guilty, @DannyTarkanian. I guess voters will have to weigh that against the mountain of evidence against you, and the words of @DeanHeller, the federal government, and everyone else. #NV03… https://t.co/h4dJT2uSdV&quot;",2018-10-23 16:07:56,Michael Soneff,1.0,Heller,1054826780849100000.0
Human Rights Campaign on Twitter: &quot;.@DeanHeller is bad for Nevada. #TurnOUT and vote for @RosenforNevada and defend Nevada’s values.  #NVSen #NVPol #ReadyForRosen #NoHeller… https://t.co/qZTDFsqkvl&quot;,2018-10-23 16:00:00,Human Rights Campaign,3.0,Heller,1054824783982980000.0
Team Dean on Twitter: &quot;&quot;My heart is right here in Nevada&quot; - @DeanHeller &#10;&#10;#HomeMeansNevada #BattleBorn… &quot;,2018-10-23 15:50:46,R.T.Germain,2.0,Heller,1054822457838690000.0
"Heidi ?? ??️‍?? ✊???????? on Twitter: &quot;More are killed through your Gods design. Stop pretending outrage over procedures that have nothing to do with you, not affect you whatsoever. Faux outrage.… https://t.co/AvT0BLRoeq&quot;",2018-10-23 15:49:07,Heidi ?? ??️‍?? ✊????????,.0,Heller,1054822045295480000.0
"carl reiner on Twitter: &quot;Just heard Trump declare that he is a Nationalist, In 1938  wasn&#39;t there a German guy, who was a  really big Nationalist?&quot;",2018-10-23 15:34:43,Leslie Carmel,.0,Heller,1054818417977350000.0
Tom Edwards?? on Twitter: &quot;Actually he was. The market fundamentals were moving positively in 1980. All economic projections showed 1881 &amp; 82 were going to be pretty good years.… https://t.co/aZGuk9nBlN&quot;,2018-10-23 15:31:44,Tom Edwards,.0,Heller,1054817668384150000.0
"CSPAN on Twitter: &quot;Former President @BarackObama: &quot;When you hear all this talk about economic miracles right now, remember who started it.&quot;&#10;&#10;Full video here: https://t.co/UKtPQDlkQR… https://t.co/7xErB8QtJs&quot;",2018-10-23 15:27:21,Itzame4JC????????,34.0,Heller,1054816565428770000.0
SM on Twitter: &quot;When Trump bragged he was the “King of Debt” he apparently was not kidding. @RepChrisCollins @RepMikeCoffman @DeanHeller all voted for the #GOPTaxSCAM &#10;&#10; #TuesdayThoughts&#10;&#10;https://t.co/yxdM32WTp4&quot;,2018-10-23 15:27:04,SM,.0,Heller,1054816492741520000.0
"HippieKat ♐️ Rey???? on Twitter: &quot;He was initially. Just like it was Reagan who got the hostages in Iran released, Reagan who &quot;tore down the Berlin Wall&quot; when he didn&#39;t. Carter got the hostages released and Gorbachev who took over the USSR. For someone running for public office, you sure don&#39;t know a lot.… https://t.co/Zhaby76bwr&quot;",2018-10-23 15:14:14,HippieKat ♐️ Rey????,.0,Heller,1054813263777670000.0
The Culinary Union on Twitter: &quot;Phonebank?… &quot;,2018-10-23 15:09:45,The Culinary Union,.0,Heller,1054812136977750000.0
Team Dean on Twitter: &quot;▶️ Watch to see why undecided voters are choosing @DeanHeller for #NVsen: &#10;&#10;#VoteDeanHeller&#10;#Nevada… &quot;,2018-10-23 15:09:29,John Houghton,4.0,Heller,1054812071123050000.0
Senator Jeff Merkley on Twitter: &quot;Republicans told us time and time again that they wanted to repeal health insurance for millions of Americans and gut Obamacare’s protections for people with pre-existing conditions. How many times do they need to say it before we finally believe them?&quot;,2018-10-23 15:09:15,Do Something,.0,Heller,1054812010037210000.0
tscheib on Twitter: &quot;whats sad jack is that Im your biggest follower. A &quot;national&quot; figure who rarely gets double digit likes when they tweet or in your case retweets &quot;questionable&quot; info like you usually do really is trying earn that Mr. Irrelevant crown!… https://t.co/zY7tsLXtbM&quot;,2018-10-23 15:07:59,tscheib,.0,Heller,1054811690112570000.0
Raw Story on Twitter: &quot;He just came out&#10;&#10;‘I’m a nationalist!’: Trump makes stunning confession he noted his aides warned him against&#10;&#10;https://t.co/8l2zk2riNW&quot;,2018-10-23 15:07:35,Do Something,.0,Heller,1054811589398790000.0
"pascalbouchard on Twitter: &quot;Don’t you know how to read a graph, you asslicker ? I know you don’t believe what you talk about on a daily basis , unless you have brain damage from sniffing glue.… https://t.co/Laq9x4DS7R&quot;",2018-10-23 14:58:34,pascalbouchard,.0,Heller,1054809323539320000.0
Walterlinesjr on Twitter: &quot;stop listening 2 lying conartist frauds frauds @realDonaldTrump @POTUS @senatemajldr @DeanHeller @LindseyGrahamSC @tedcruz @DinoRossiWA @Rep_Hunter @MarshaBlackburn @GOP or kiss ur healthycare/socialsecutiry/urrigths goodbye #SWIFTIES @MiamiHurricanes @HoustonTexans @WSUCougFB&quot;,2018-10-21 21:56:11,Walterlinesjr,.0,Heller,1054189641765540000.0
Walterlinesjr on Twitter: &quot;evil @realDonaldTrump @POTUS @senatemajldr @tedcruz @GregForMontana @LindseyGrahamSC @DeanHeller @MarshaBlackburn @DevinNunes  @GOP produce mobs and promote violence democrats produce jobs their words/actions/numbers prove it #SWIFTIES @UNLVCHEER @MiamiHEAT @taylorswift13 evry1&quot;,2018-10-21 21:54:03,Walterlinesjr,.0,Heller,1054189108216520000.0
LVGal on Twitter: &quot;NV - don’t let Adelson buy this election for @DeanHeller @AdamLaxalt and other GOP candidates. Please vote! #NVSen #NVGov… https://t.co/GJ2urDSb0V&quot;,2018-10-21 21:52:54,Rana,1.0,Heller,1054188816745910000.0
AltDIA????️‍?? on Twitter: &quot;What are y&#39;all watching?… &quot;,2018-10-21 21:51:00,RogueAltGov,1.0,Heller,1054188339258120000.0
"S.Doyle on Twitter: &quot;Interesting news from the Nevada.. Early voting started Sat.. More Democrats then Republicans showed up.. Clark and Washoe county .. &#10;Fingers crossed we will be saying goodbye to @DeanHeller ,if trends hold.… https://t.co/9keaAmwNax&quot;",2018-10-21 21:48:08,S.Doyle,.0,Heller,1054187616323560000.0
Donald J. Trump on Twitter: &quot;The Caravans are a disgrace to the Democrat Party. Change the immigration laws NOW!&quot;,2018-10-21 21:44:55,Do Something,.0,Heller,1054186807976390000.0
Tiffany Jones on Twitter: &quot;Thank you!!!… https://t.co/VyPGwebg8r&quot;,2018-10-21 21:41:32,Tiffany Jones,.0,Heller,1054185954590640000.0
"Dean Heller on Twitter: &quot;I always love the drive to Elko, but this ride was a little faster. #AirForceOne… &quot;",2018-10-21 21:39:48,Lan Illa,347.0,Heller,1054185520027390000.0
LVGal on Twitter: &quot;Will #DeanHeller ever tell the truth about his position on pre-existing condition coverage? Even the conservative Washington Examiner calls him out with facts. Vote Rosen if you care about PECs. #NVSen https://t.co/A0RseFWrDe… https://t.co/U1Q6RJQsH8&quot;,2018-10-21 21:38:54,Rana,.0,Heller,1054185293815850000.0
Carol Forden on Twitter: &quot;@DeanHeller is looking for a hole to dive into. &#10;&#10;Americans are awoken and will restore checks and balances while protecting health care and preexisting conditions coverage… https://t.co/LsPfn5PhjV&quot;,2018-10-21 21:35:34,Carol Forden,.0,Heller,1054184454560870000.0
"NVProud on Twitter: &quot;It makes me sad that our friends and republicans are fooled by the fool in the White House. He lies about everything you all care about. Heller is so I. His knees, it’s disgusting. Please, if you care about your social security, healthcare, morality... vote for Rosen!!!… https://t.co/eoT15edjFB&quot;",2018-10-21 21:29:51,NVProud,.0,Heller,1054183017533460000.0
"Justus on Twitter: &quot;Mate. I&#39;m just saying it was cringey. Like with Trump, all I could think was &quot;This can&#39;t be your best Jiu Jitsu...&quot;… https://t.co/KU73eoOQ3n&quot;",2018-10-21 21:26:33,Justus,.0,Heller,1054182184712460000.0
Ryan McKinnell on Twitter: &quot;No. I don&#39;t need to subject myself to that nonsense. One side (@DeanHeller) is backing a treasonous white supremacist &amp; the other side isn&#39;t. This is going to be the easiest election year ever. I literally don&#39;t need to know anything other than that.… https://t.co/z8i7lUspAV&quot;,2018-10-21 21:23:14,Ryan McKinnell,.0,Heller,1054181350406680000.0
"GOP on Twitter: &quot;If elected, Jacky Rosen has promised to call for the repeal of the GOP tax cuts that have put money back into the pockets of Nevadans. Vote @DeanHeller to keep Nevada families prospering! https://t.co/qbAZHcSVL0… https://t.co/ZzQ80bj8lx&quot;",2018-10-21 21:17:13,V-zo,2.0,Heller,1054179836422440000.0
Michael on Twitter: &quot;Nice catch phrases but this is Hellers position. Fine if you don’t agree but mobs not jobs makes no sense to me in this context. Good luck with that.… https://t.co/W49JYUaG8Z&quot;,2018-10-21 21:12:58,vote november 6th,.0,Heller,1054178768200200000.0
???????? on Twitter: &quot;[watching an ad for @deanheller]&#10;&#10;HUBS: “I don’t trust his teeth.”… &quot;,2018-10-21 21:11:43,????????,.0,Heller,1054178451672860000.0
NVProud on Twitter: &quot;Are you serious?? You are the king of mega donors... NV future needs to be in the hands of those who will not vote to cut social security... the Democrats... do your homework people. It is just a matter of time.… https://t.co/us6O8ysolV&quot;,2018-10-21 21:09:39,NVProud,.0,Heller,1054177932527120000.0
Tomthunkit™ on Twitter: &quot;Nevada Sen. Dean Heller (R) had a woman with stage-4 cancer forcibly removed from his town hall after she asked him how Trump&#39;s policies would harm the Affordable Care Act. &#10;&#10;https://t.co/qFH7PrP6hf&quot;,2018-10-21 21:04:19,Bridget Speer Loring,1.0,Heller,1054176589431300000.0
LVGal on Twitter: &quot;$112 MILLION and counting. The GOP and @DeanHeller are bought and paid for by mega donors like Adelson. Don’t let them buy our elections. Please go vote! #NVSen #NVGov… https://t.co/88A3BLaQrO&quot;,2018-10-21 21:01:33,Rana,.0,Heller,1054175893306760000.0
Dean Heller on Twitter: &quot;So ... who is up for some lunch?… &quot;,2018-10-21 20:52:11,AmeriGirl,3.0,Heller,1054173537957760000.0
"ConcernedLinda on Twitter: &quot;As usual, corrupt @SenDeanHeller stood by silently while this happened. He pretends to be moral and religious, but he silently endorsed ludicrous Trump lies to get votes.  That’s the definition of corruption, @DeanHeller. #TrumpSellout… https://t.co/C9juG7nDNX&quot;",2018-10-21 20:51:37,ConcernedLinda,.0,Heller,1054173395103810000.0
"Rochelle Swanson on Twitter: &quot;I was there!!!????&#10;&#10;It was a great rally, and it was so nice to see so many patriots come together to support Trump as well as Nevada Republicans like @DeanHeller, @AdamLaxalt, @WesDuncan, and others.&#10;&#10;Please make sure to go #VoteRepublican!!!&#10;&#10;#Midterms2018&#10;#TurnNVred… https://t.co/yswSqPK0c8&quot;",2018-10-21 20:37:13,Rochelle Swanson,1.0,Heller,1054169772282130000.0
Time=Best Stock on Twitter: &quot;@realDonaldTrump @VP @DeanHeller @AdamLaxalt @mitchellvii Voted Early! #Republicans #GOP Straight Across the Ballot to #MAGA3X! America is Back! ???? Jobs Not Mobs! ???? #JobsNotMobs! #MidTermElections! #MidTerms2018! #TrumpTrain! #TrumpPence2020! #MadeInAmerica! #EarlyVoting!… https://t.co/LU8rSI5Ewe&quot;,2018-10-21 20:30:31,Time=Best Stock,1.0,Heller,1054168083189760000.0
Joe Hart on Twitter: &quot;Just had an opportunity to interview President Donald Trump in Elko. The President says he is firmly against developing Yucca Moubtain as a nuclear waste storage site in Nevada.… https://t.co/ix7MpGeTRF&quot;,2018-10-21 20:26:29,Julie Moore,2.0,Heller,1054167068277270000.0
Nat Shupe on Twitter: &quot;On eBay.… https://t.co/gvOYiQ80Vk&quot;,2018-10-21 20:20:17,Nat Shupe,1.0,Heller,1054165510894410000.0
"Donald J. Trump on Twitter: &quot;Heading to Nevada to help a man who has become a good friend, Senator Dean Heller. He is all about #MAGA and I need his Help and Talent in Washington. Also, Adam Laxalt will be a GREAT GOVERNOR, and has my complete and total Endorsement. Winners Both!&quot;",2018-10-21 20:14:14,Noah Jennings,3.0,Heller,1054163986306880000.0
Dean Heller on Twitter: &quot;Was it worth it @RosenforNevada?&#10;&#10;You never answered. &#10;&#10;#NVdebate #NVSen… &quot;,2018-10-21 20:03:20,Kiwinan,334.0,Heller,1054161245052400000.0
"Matt Viser on Twitter: &quot;&quot;Mr. President you know a little something about gold. In fact, I think everything you touch turns to gold.&quot; -- Senator Dean Heller&quot;",2018-10-21 20:01:00,Lawrence Glickman,1.0,Heller,1054160656193280000.0
"Neal K on Twitter: &quot;Vote, @RosenForNevada, #JackieRosen will protect healthcare, unlike her opponent who grinned and laughed with the thug in the WH after trying to steal our healthcare. Now @DeanHeller and the @GOP are coming for your Social Security and Medicare, calling them &quot;entitlements&quot;.… https://t.co/pO52216GQX&quot;",2018-10-21 19:56:54,Neal K,.0,Heller,1054159623718980000.0
Amy Tarkanian on Twitter: &quot;Nevada Senator @DeanHeller is on @FoxNews right now! #NVSen… &quot;,2018-10-21 19:46:16,Christian Martinez,2.0,Heller,1054156950601050000.0
Alexandra on Twitter: &quot;@LaraLeaTrump @kimguilfoyle @DeanHeller @MarkAmodeiNV2     Please help our wild mustangs not go to slaughter in Mexico!  PLEASE… https://t.co/RbYlKyTYQH&quot;,2018-10-21 19:44:41,Alexandra,.0,Heller,1054156550745480000.0
Christine Felixon on Twitter: &quot;As I looked up the name it&#39;s Jack Belgrade… https://t.co/yjbGTC88mD&quot;,2018-10-21 19:44:06,Christine Felixon,.0,Heller,1054156402065700000.0
G-Man on Twitter: &quot;I’m 2016 @DeanHeller said he was 99% against Donald Trump fast forward now he’s a Trump sychophant telling him in Elko “everything he touches turns to gold” Nevada this is who you want to represent YOU in Congress? Look for real change and vote for @RosenforNevada  #VoteBlue&quot;,2018-10-21 19:36:02,G-Man,.0,Heller,1054154372240810000.0
"Stix N Twigs on Twitter: &quot;With 19 days remaining, there is no reason to skip voting.&#10;Don&#39;t be a shoulda, coulda, woulda.&#10;&#10;Help reshape the State &amp; Country around you.&#10;✔VoteRED✔ to restore Sanity !… https://t.co/rSki5p1DcS&quot;",2018-10-21 19:25:42,Stix N Twigs,1.0,Heller,1054151771579400000.0
Becca Taylor on Twitter: &quot;Dean stays in Nevada’s rural counties where he is more comfortable and competition is scarce. Only has phone town halls &amp; doesn’t stay after debates to answer questions. #VoteRosen… https://t.co/mKUDuKwQxc&quot;,2018-10-21 19:16:44,Becca Taylor,.0,Heller,1054149514297170000.0
"Heather D. Feckful Waters on Twitter: &quot;Our nation has 350 +/- million people. One man has made political donations equivalent to thirty-five cents for every man, woman and child living in this nation to one political party.… https://t.co/aGNd1HQbjs&quot;",2018-10-21 19:08:35,Heather D. Feckful Waters,.0,Heller,1054147463819360000.0
"Kimberly Leonard on Twitter: &quot;Republicans loud in supporting pre-existing condition coverage, but quiet on how they&#39;d do it https://t.co/kpQbZEZQLu&quot;",2018-10-21 19:06:43,Rana,6.0,Heller,1054146994233470000.0
Ed Rutherford on Twitter: &quot;Jacky says hi.… &quot;,2018-10-21 18:58:08,maureen black,9.0,Heller,1054144833915220000.0
"Kristen Dumanski on Twitter: &quot;#ReadyForRosen #NVSen I voted for Jacky Rosen because she is pro LGBT. 2017, she supported the gay couple who were denied services at a bakery.&#10;&#10;@DeanHeller voted to confirm Kavanaugh to the SupCourt, even after Dr. Ford testified that Kavanaugh sexually assulted her. Bad.… https://t.co/8gRQiJvbiM&quot;",2018-10-21 18:57:27,Kristen Dumanski,.0,Heller,1054144663244820000.0
Team Dean on Twitter: &quot;The difference between @DeanHeller and @RosenforNevada is obvious just by looking at the map: https://t.co/KAzeIIeylw #NVsen #JackyCalifornia&quot;,2018-10-21 18:57:00,Team Dean,3.0,Heller,1054144549986150000.0
llanes on Twitter: &quot;President* Hairless and Senator Spineless… &quot;,2018-10-21 18:55:26,llanes,.0,Heller,1054144155738240000.0
"Blackshirts7071 on Twitter: &quot;Those Republicans were so upset that the black guy had the checkbook now and had to spend some of that money, which we got back 100%. Racism is a deep deep flaw in this beautiful country. Sad! #VoteBlue… https://t.co/3QxKcwHY6n&quot;",2018-10-21 18:51:25,Blackshirts7071,.0,Heller,1054143145326370000.0
"Blackshirts7071 on Twitter: &quot;Isnt it sad that all Republicans in elected office picked your healthcare to target because a black man got elected president? If you really think about that, it&#39;s sad af. All because the president before him put this country into recession, &amp; said black man, had to write checks.… https://t.co/ta0A1fiqIr&quot;",2018-10-21 18:48:31,Blackshirts7071,.0,Heller,1054142416083700000.0
"Michael Soneff on Twitter: &quot;Another day, another missed opportunity for @DannyTarkanian to refute @DeanHeller’s claim that &quot;Danny Tarkanian can’t be trusted.” Probably because Danny knows Dean was right! #NV03… https://t.co/PPh4XoYcZ1&quot;",2018-10-21 18:40:42,Michael Soneff,1.0,Heller,1054140450045460000.0
Steven Buckley on Twitter: &quot;The ACA didn&#39;t go far enough.&#10;&#10;Medicare for all is what is needed.&#10;&#10;Why do you think it&#39;s one of the most popular things the government has ever done?… https://t.co/wthuqIbXlc&quot;,2018-10-21 18:28:50,Steven Buckley,.0,Heller,1054137462522630000.0
"Janie Johnson on Twitter: &quot;So, if you are a supporter of the O-care law that depended on lies &amp; bribes to get passed – what does that make you?&#10;&#10;#Vote @DeanHeller… https://t.co/fHBFq3gy74&quot;",2018-10-21 18:27:37,Janie Johnson,9.0,Heller,1054137153637110000.0
"Jogar on Twitter: &quot;Historically, the #Potus’ party in power, hence Republicans this time, lose seats in Congress... so we are trying to #DefyHistory this go around… https://t.co/qaREfrtNal&quot;",2018-10-21 18:21:41,Jogar,.0,Heller,1054135663790960000.0
"George Iona on Twitter: &quot;Get s clue,  Dean.&#10;&#10;You&#39;re done.&#10;&#10;We&#39;re electing Jacky Rosen… &quot;",2018-10-21 18:19:16,George Iona,.0,Heller,1054135055478470000.0
"Terry Reich on Twitter: &quot;Seriously? You &amp; your master have done nothing but divide our country &amp; encourage violence. You have the balls to call protesters mobs as you kiss that fascist&#39;s ass. That little Chinese girl wishes she was still in China. You&#39;re an embarrassment to her, Nevada &amp; the country.… https://t.co/TjYbq63N3U&quot;",2018-10-21 18:18:57,Terry Reich,.0,Heller,1054134973114900000.0
"George Iona on Twitter: &quot;You&#39;re pathetic, Dean.&#10;&#10;We&#39;re dumping you November 6th… &quot;",2018-10-21 18:18:04,George Iona,.0,Heller,1054134752540750000.0
2020 Vision on Twitter: &quot;Thanks for the reminder. I just voted all BLUE including Jacky Rosen… &quot;,2018-10-21 18:17:50,Vote November 6th,.0,Heller,1054134692658600000.0
Tatiana Wright on Twitter: &quot;Why in the World Is #DeanHeller @DeanHeller Leading in the Polls in #Nevada? Because #Tatiana and #Trump support him. Thx #Nevada! #Tatiana  &#10;https://t.co/qdHbJUsah8&quot;,2018-10-21 18:17:00,Tatiana Wright,.0,Heller,1054134483983720000.0
Catalina Laughlin on Twitter: &quot;Thank you for coming to Elko. It means a lot when rural areas are shown that you care about them as much as Reno and Las Vegas… https://t.co/jp8m0c6Fh3&quot;,2018-10-21 18:13:24,Catalina Laughlin,.0,Heller,1054133577808380000.0
carol????BlueVictory on Twitter: &quot;I would never vote for Dean Heller after his disgraceful display with trump and childish nicknaming of Jacky Rosen as he has done with every opponent. Trump never left the grade school playground. #NotMyPotus… https://t.co/UMaJPJqF3H&quot;,2018-10-21 18:12:34,carol??????vote November 6,2.0,Heller,1054133366558260000.0
"Mr. Indepenent (NEVADA,USA) on Twitter: &quot;Its not about who can outspend the other.  It comes down to you and Jacky.  I watched the debate.  You came across as impatient, disrespectful and angry.  You couldn&#39;t even look at that family of the little boy while you lied your way through your answer.  Nevada can do better.… https://t.co/X18QfyZm4i&quot;",2018-10-21 18:11:34,"Mr. Indepenent (NEVADA,USA)",1.0,Heller,1054133114664980000.0
James Ceragioli on Twitter: &quot;Exactly...that is why I’m voting against you.  &#10;&#10;Bye #SenatorSpineless - enjoy your forced retirement.  You’re bad for NV and Nevadans.&#10;&#10;Time to get out and vote for @RosenforNevada @RepJackyRosen… https://t.co/DP3eKZJA6B&quot;,2018-10-21 18:06:57,James Ceragioli,.0,Heller,1054131953950050000.0
"@DeanHeller: Stopped by Costco in Sparks between events. Looking forward to celebrating my granddaughter Brielle’s birthday tonight! 

#…",2018-10-23 16:11:50,Team Dean,2.0,Heller,1054827759615150000.0
"@DeanHeller: Stopped by Costco in Sparks between events. Looking forward to celebrating my granddaughter Brielle’s birthday tonight! 

#…",2018-10-23 16:11:43,rob,2.0,Heller,1054827731936990000.0
@TheDemCoalition: Three Vegas-area digital billboards are up telling Nevada voters about the time Trump rubber-stamp @DeanHeller voted t…,2018-10-23 16:10:49,johnny lee,43.0,Heller,1054827503699690000.0
@downwithtump: @TheDemCoalition @DeanHeller @RosenforNevada he's  liar liar,2018-10-23 16:10:30,Dayna Jones,1.0,Heller,1054827426990120000.0
"@Soneff: @DannyTarkanian @SusieLeeNV Glad to know your mommy believes you’re not guilty, @DannyTarkanian. I guess voters will have to we…",2018-10-23 16:10:23,CryptoBongoCat,1.0,Heller,1054827395813790000.0
@TheDemCoalition: Three Vegas-area digital billboards are up telling Nevada voters about the time Trump rubber-stamp @DeanHeller voted t…,2018-10-23 16:10:19,Dayna Jones,43.0,Heller,1054827380794060000.0
@TheDemCoalition: Three Vegas-area digital billboards are up telling Nevada voters about the time Trump rubber-stamp @DeanHeller voted t…,2018-10-23 16:09:43,Ghost Dansing,43.0,Heller,1054827228721230000.0
@TheDemCoalition: Three Vegas-area digital billboards are up telling Nevada voters about the time Trump rubber-stamp @DeanHeller voted t…,2018-10-23 16:09:35,Ray,43.0,Heller,1054827192335500000.0
@TheDemCoalition: Three Vegas-area digital billboards are up telling Nevada voters about the time Trump rubber-stamp @DeanHeller voted t…,2018-10-23 16:09:31,Kim Tompkins,43.0,Heller,1054827179207470000.0
@TheDemCoalition: Three Vegas-area digital billboards are up telling Nevada voters about the time Trump rubber-stamp @DeanHeller voted t…,2018-10-23 16:09:30,artsyfartsy,43.0,Heller,1054827172374800000.0
@TheDemCoalition: Three Vegas-area digital billboards are up telling Nevada voters about the time Trump rubber-stamp @DeanHeller voted t…,2018-10-23 16:09:20,Alex Hernandez,43.0,Heller,1054827132562490000.0
@HRC: .@DeanHeller is bad for Nevada. #TurnOUT and vote for @RosenforNevada and defend Nevada’s values.  #NVSen #NVPol #ReadyForRosen #N…,2018-10-23 16:09:20,Victoria Kinswa,3.0,Heller,1054827130461160000.0
@TheDemCoalition: Three Vegas-area digital billboards are up telling Nevada voters about the time Trump rubber-stamp @DeanHeller voted t…,2018-10-23 16:09:12,Joan Rance,43.0,Heller,1054827096705390000.0
@TheDemCoalition: Three Vegas-area digital billboards are up telling Nevada voters about the time Trump rubber-stamp @DeanHeller voted t…,2018-10-23 16:08:54,Mike,43.0,Heller,1054827022072060000.0
@TheDemCoalition: Three Vegas-area digital billboards are up telling Nevada voters about the time Trump rubber-stamp @DeanHeller voted t…,2018-10-23 16:08:25,Afaye66,43.0,Heller,1054826900965610000.0
@TheDemCoalition: Three Vegas-area digital billboards are up telling Nevada voters about the time Trump rubber-stamp @DeanHeller voted t…,2018-10-23 16:08:05,Shari ????,43.0,Heller,1054826814667980000.0
"@NVconservation: “Nevadans are turning out in record numbers to vote early. They’re turning out to vote because they want clean air, cle…",2018-10-23 16:07:48,Nathan Janulewicz,5.0,Heller,1054826746569050000.0
"@DeanHeller: During the Obama years we were told the ‘new normal’ would be 2% economic growth.
 
2018:
-4.2% GDP in Q2
-Workers’ wages i…",2018-10-23 16:07:41,❌Dave❌,125.0,Heller,1054826715896270000.0
@DeanHeller Con artist.,2018-10-23 16:07:38,Candace mannino,.0,Heller,1054826704726830000.0
@TheDemCoalition: Three Vegas-area digital billboards are up telling Nevada voters about the time Trump rubber-stamp @DeanHeller voted t…,2018-10-23 16:07:13,Sherry Dean ??,43.0,Heller,1054826598124390000.0
@TheDemCoalition: Three Vegas-area digital billboards are up telling Nevada voters about the time Trump rubber-stamp @DeanHeller voted t…,2018-10-23 16:07:11,Democratic Coalition,43.0,Heller,1054826589391900000.0
@TheDemCoalition: Three Vegas-area digital billboards are up telling Nevada voters about the time Trump rubber-stamp @DeanHeller voted t…,2018-10-23 16:07:07,BlueFire 2018 ????#VoteBlueNov6,43.0,Heller,1054826573151360000.0
@TheDemCoalition: Three Vegas-area digital billboards are up telling Nevada voters about the time Trump rubber-stamp @DeanHeller voted t…,2018-10-23 16:06:44,Jon Cooper ??,43.0,Heller,1054826477332640000.0
@TheDemCoalition: Three Vegas-area digital billboards are up telling Nevada voters about the time Trump rubber-stamp @DeanHeller voted t…,2018-10-23 16:04:40,Gifford MacShane,43.0,Heller,1054825957138280000.0
@TheDemCoalition: Three Vegas-area digital billboards are up telling Nevada voters about the time Trump rubber-stamp @DeanHeller voted t…,2018-10-23 16:03:38,MikaLuvOwls,43.0,Heller,1054825695715550000.0
@TheDemCoalition: Three Vegas-area digital billboards are up telling Nevada voters about the time Trump rubber-stamp @DeanHeller voted t…,2018-10-23 16:03:34,Lori,43.0,Heller,1054825679714440000.0
@HRC: .@DeanHeller is bad for Nevada. #TurnOUT and vote for @RosenforNevada and defend Nevada’s values.  #NVSen #NVPol #ReadyForRosen #N…,2018-10-23 16:03:26,Betsy Noren,3.0,Heller,1054825646831080000.0
@TheDemCoalition: Three Vegas-area digital billboards are up telling Nevada voters about the time Trump rubber-stamp @DeanHeller voted t…,2018-10-23 16:02:59,Joan Schulze,43.0,Heller,1054825535090510000.0
@TheDemCoalition: Three Vegas-area digital billboards are up telling Nevada voters about the time Trump rubber-stamp @DeanHeller voted t…,2018-10-23 16:02:54,David Beberman,43.0,Heller,1054825511971630000.0
@HRC: .@DeanHeller is bad for Nevada. #TurnOUT and vote for @RosenforNevada and defend Nevada’s values.  #NVSen #NVPol #ReadyForRosen #N…,2018-10-23 16:02:19,Eric A. Patton??️‍??,3.0,Heller,1054825367134000000.0
@TheDemCoalition: Three Vegas-area digital billboards are up telling Nevada voters about the time Trump rubber-stamp @DeanHeller voted t…,2018-10-23 16:02:09,MLSCazessus????,43.0,Heller,1054825322372160000.0
@TheDemCoalition: Three Vegas-area digital billboards are up telling Nevada voters about the time Trump rubber-stamp @DeanHeller voted t…,2018-10-23 16:01:18,??⊰??‍♀️⊱Deby⊰??‍♀️⊱??,43.0,Heller,1054825108634810000.0
@TheDemCoalition: Three Vegas-area digital billboards are up telling Nevada voters about the time Trump rubber-stamp @DeanHeller voted t…,2018-10-23 16:01:11,Lina D'Alimonte,43.0,Heller,1054825079014610000.0
@TheDemCoalition: Three Vegas-area digital billboards are up telling Nevada voters about the time Trump rubber-stamp @DeanHeller voted t…,2018-10-23 16:00:34,Mike Smith,43.0,Heller,1054824925570040000.0
@TheDemCoalition: Three Vegas-area digital billboards are up telling Nevada voters about the time Trump rubber-stamp @DeanHeller voted t…,2018-10-23 16:00:28,Carrie King,43.0,Heller,1054824900941280000.0
@TheDemCoalition: Three Vegas-area digital billboards are up telling Nevada voters about the time Trump rubber-stamp @DeanHeller voted t…,2018-10-23 16:00:04,CarolynMc,43.0,Heller,1054824799057280000.0
@TheDemCoalition: Three Vegas-area digital billboards are up telling Nevada voters about the time Trump rubber-stamp @DeanHeller voted t…,2018-10-23 15:59:59,Sarah21,43.0,Heller,1054824779104940000.0
@jjauthor: US ghettos-driven by liberal ideology; forged by unions & bankrupted by self-serving Dems catering to parasites! #tcot https:…,2018-10-23 15:59:46,Deplorable-WGirl,15.0,Heller,1054824722855290000.0
@TheDemCoalition: Three Vegas-area digital billboards are up telling Nevada voters about the time Trump rubber-stamp @DeanHeller voted t…,2018-10-23 15:59:41,Scott Dworkin,43.0,Heller,1054824700864540000.0
@TheDemCoalition: Three Vegas-area digital billboards are up telling Nevada voters about the time Trump rubber-stamp @DeanHeller voted t…,2018-10-23 15:59:32,Lauralye,43.0,Heller,1054824665812620000.0
@TheDemCoalition: Three Vegas-area digital billboards are up telling Nevada voters about the time Trump rubber-stamp @DeanHeller voted t…,2018-10-23 15:58:40,Leannán Sídhe,43.0,Heller,1054824445729270000.0
@TheDemCoalition: Three Vegas-area digital billboards are up telling Nevada voters about the time Trump rubber-stamp @DeanHeller voted t…,2018-10-23 15:58:14,Snarquebus,43.0,Heller,1054824339898400000.0
@TheDemCoalition: Three Vegas-area digital billboards are up telling Nevada voters about the time Trump rubber-stamp @DeanHeller voted t…,2018-10-23 15:58:02,Linda #GlovesOff,43.0,Heller,1054824289256430000.0
@TheDemCoalition: Three Vegas-area digital billboards are up telling Nevada voters about the time Trump rubber-stamp @DeanHeller voted t…,2018-10-23 15:58:00,chuckwestover,43.0,Heller,1054824277822860000.0
"@DeanHeller: Just left the Pahrump Valley Senior Center, love hearing how excited everyone is to #VoteRed. #defyhistory ",2018-10-23 15:57:58,Mark Jones,36.0,Heller,1054824271564860000.0
@TheDemCoalition @DeanHeller @RosenforNevada he's  liar liar,2018-10-23 15:56:47,johnny lee,1.0,Heller,1054823972573860000.0
@TheDemCoalition: Three Vegas-area digital billboards are up telling Nevada voters about the time Trump rubber-stamp @DeanHeller voted t…,2018-10-23 15:56:38,Sonja Housenga,43.0,Heller,1054823936066810000.0
@TheDemCoalition: Three Vegas-area digital billboards are up telling Nevada voters about the time Trump rubber-stamp @DeanHeller voted t…,2018-10-23 15:56:14,Deane FILIP_PICARD,43.0,Heller,1054823833851510000.0
@TheDemCoalition: Three Vegas-area digital billboards are up telling Nevada voters about the time Trump rubber-stamp @DeanHeller voted t…,2018-10-23 15:55:43,??Kali,43.0,Heller,1054823704897630000.0
@TheDemCoalition: Three Vegas-area digital billboards are up telling Nevada voters about the time Trump rubber-stamp @DeanHeller voted t…,2018-10-23 15:54:44,Miss Debbie,43.0,Heller,1054823457647540000.0
@TheDemCoalition: Three Vegas-area digital billboards are up telling Nevada voters about the time Trump rubber-stamp @DeanHeller voted t…,2018-10-23 15:54:33,Wondering Woman,43.0,Heller,1054823411510320000.0
@RanaLV: @DeanHeller Let’s not forget that so-called champion of veterans #DeanHeller pushed the Reno VA to divert funds from known trea…,2018-10-23 15:48:56,Megan Lane,3.0,Heller,1054821997513870000.0
"@DeanHeller: During the Obama years we were told the ‘new normal’ would be 2% economic growth.
 
2018:
-4.2% GDP in Q2
-Workers’ wages i…",2018-10-23 15:47:46,madmamma,125.0,Heller,1054821705380780000.0
@BlondeMamaUSA_: Nevada???????????? vote for @DeanHeller @DannyTarkanian @AdamLaxalt to get the border wall! Stop the invaders in the #Caravan…,2018-10-23 15:44:37,❌ Thomas Edgley ❌,31.0,Heller,1054820910228740000.0
@rader717: 4105069Politico: Get ready for Heller’s survival ,2018-10-23 15:40:08,mike calabrese,21.0,Heller,1054819784435610000.0
"@PPact: GOP candidates who claim they support protections for people with pre-existing conditions, but support legislation that fails to…",2018-10-23 15:39:55,Soyce,35.0,Heller,1054819727065760000.0
"@NVconservation: “Nevadans are turning out in record numbers to vote early. They’re turning out to vote because they want clean air, cle…",2018-10-23 15:37:21,Gariety Pruitt,5.0,Heller,1054819081944150000.0
"@PPact: GOP candidates who claim they support protections for people with pre-existing conditions, but support legislation that fails to…",2018-10-23 15:33:47,Grammy C,35.0,Heller,1054818184254140000.0
"@DeanHeller: During the Obama years we were told the ‘new normal’ would be 2% economic growth.
 
2018:
-4.2% GDP in Q2
-Workers’ wages i…",2018-10-23 15:32:39,Robertsrf,125.0,Heller,1054817898550780000.0
"@LogCabinGOP: “I’m humbled to have the support of the Log Cabin Republicans, an important part of our party...I look forward to working…",2018-10-23 15:31:13,mike,10.0,Heller,1054817537924330000.0
"@TeamDean @DeanHeller Hahah. Looking forward to Jacky Rosen as our Senator, that’s for sure.",2018-10-23 15:28:41,Leslie Carmel,.0,Heller,1054816901707130000.0
"@MickyWhiteNV: Today, @ForOurFutureNV joins local organizations representing Nevada’s diverse communities to tell @DeanHeller & @AdamLax…",2018-10-23 15:25:50,For Our Future NV,6.0,Heller,1054816184275690000.0
"@PPact: GOP candidates who claim they support protections for people with pre-existing conditions, but support legislation that fails to…",2018-10-23 15:25:22,Wisconsin Progressives,35.0,Heller,1054816065916670000.0
@DeanHeller: Remember when @barackobama told the nation NOT to come to Las Vegas when Nevadans and our economy were hurting the most?…,2018-10-23 15:23:52,Robertsrf,271.0,Heller,1054815689649860000.0
"@NVconservation: “Nevadans are turning out in record numbers to vote early. They’re turning out to vote because they want clean air, cle…",2018-10-23 15:20:21,Liz #FireZinke Dylan,5.0,Heller,1054814805759060000.0
@EEHELI @RosenforNevada @DeanHeller @LasVegasSun I don't answer cowards that are afraid to show their face.,2018-10-23 15:18:59,Surf side six,.0,Heller,1054814458692990000.0
"@RanaLV: Women of NV - @DeanHeller and @AdamLaxalt have embraced Trump and fundraised with him. We need to stand up and be heard.

Pleas…",2018-10-23 15:15:42,JustBreathe,1.0,Heller,1054813635627740000.0
@DeanHeller: Remember when @barackobama told the nation NOT to come to Las Vegas when Nevadans and our economy were hurting the most?…,2018-10-23 15:15:06,k2patriot ??⭐️⭐️⭐️,271.0,Heller,1054813483068350000.0
"@NVconservation: “Nevadans are turning out in record numbers to vote early. They’re turning out to vote because they want clean air, cle…",2018-10-23 15:13:14,LCV,5.0,Heller,1054813011813100000.0
"@MickyWhiteNV: Today, @ForOurFutureNV joins local organizations representing Nevada’s diverse communities to tell @DeanHeller & @AdamLax…",2018-10-23 15:12:38,JustBreathe,6.0,Heller,1054812862139360000.0
@DeanHeller: And the Carter Administration was responsible for the Reagan economy..... ,2018-10-23 15:06:40,L Jones,34.0,Heller,1054811359681030000.0
"@johnestrada: Retweeted The Senate Majority (@NRSC):

.@RosenforNevada votes with her party bosses for higher taxes and weak borders, bu…",2018-10-23 15:06:00,Tench Coxe,2.0,Heller,1054811192122700000.0
@EEHELI @RosenforNevada @DeanHeller @LasVegasSun Facts are obstinate things aren't they Ms lefftist???,2018-10-23 15:03:29,Surf side six,.0,Heller,1054810561031140000.0
"@LogCabinGOP: “I’m humbled to have the support of the Log Cabin Republicans, an important part of our party...I look forward to working…",2018-10-23 15:01:49,Matt Fleming,10.0,Heller,1054810141088830000.0
@rader717: 4105069Politico: Get ready for Heller’s survival ,2018-10-23 15:00:04,♦️??WolfyForAmerica??♦️⭐️⭐️⭐️,21.0,Heller,1054809701450480000.0
"@PPact: GOP candidates who claim they support protections for people with pre-existing conditions, but support legislation that fails to…",2018-10-23 14:58:39,Penelope Tindall,35.0,Heller,1054809342921360000.0
@rader717: 4105069Politico: Get ready for Heller’s survival ,2018-10-23 14:58:34,Candy Quast,21.0,Heller,1054809323468090000.0
@lpackard: Last year I was diagnosed with stage 4 cancer. I had to fight cancer AND my U.S. Senator just to keep my health insurance. @d…,2018-10-21 21:58:54,Stacy Dolsen,2619.0,Heller,1054190326137670000.0
@FoxNews: .@POTUS finished a three rally tour in Nevada Saturday to stump for Sen. @DeanHeller; @pdoocy has the story. ,2018-10-21 21:53:49,Two Feathers,161.0,Heller,1054189047726420000.0
@AltDIA @DeanHeller Oh you meant them.,2018-10-21 21:52:14,Amily FTW,.0,Heller,1054188648248290000.0
"@AltDIA @DeanHeller My wall. No drying paint, just feeling like crap.",2018-10-21 21:51:42,Amily FTW,.0,Heller,1054188515628670000.0
@lpackard: Last year I was diagnosed with stage 4 cancer. I had to fight cancer AND my U.S. Senator just to keep my health insurance. @d…,2018-10-21 21:51:13,Thomas,2619.0,Heller,1054188393096210000.0
"@DeanHeller Enjoy it, hopefully it will be your last. #Rosen4NV",2018-10-21 21:49:10,KM SHUFFLEBY,.0,Heller,1054187877414840000.0
"Hey @DeanHeller , I DIDN’T VOTE FOR YOU!!!!! #NEVADA #LasVegas",2018-10-21 21:48:15,MichelleBot,.0,Heller,1054187646430240000.0
@DeanHeller Your bonded teeth make you look weird when you smile.,2018-10-21 21:47:10,Classic Movies,.0,Heller,1054187373888710000.0
@DeanHeller What are y'all watching? ,2018-10-21 21:46:38,AltDIA????️‍??,1.0,Heller,1054187241340230000.0
@DrSCubed: @DeanHeller Did your Stepford wife marry you knowing you'd one day be a pathetic loser who'd sellout his country to a traitor…,2018-10-21 21:44:10,I ❤️ B III,1.0,Heller,1054186617102060000.0
"@dawg_lb: Vote to reelect DEAN HELLER 2018 U.S. Senate Nevada keeping 'RED'!

#RedWave2018 

#WalkAwayfromDemocrats2018

@DeanHeller 
@P…",2018-10-21 21:43:53,Patricia Kruger,111.0,Heller,1054186547950450000.0
@GOP_1980: My wife and I voted for Senator @DeanHeller #VoteDeanHeller and @AdamLaxalt @DannyTarkanian and down the line ticket @GOP! #D…,2018-10-21 21:40:58,Lois Choate,68.0,Heller,1054185812227540000.0
@lpackard: Last year I was diagnosed with stage 4 cancer. I had to fight cancer AND my U.S. Senator just to keep my health insurance. @d…,2018-10-21 21:37:48,wonderinwoman,2619.0,Heller,1054185018866750000.0
@GOP: .@DeanHeller has worked to cut the harsh regulations and penalties that hurt Nevada families under Obamacare. Jacky Rosen voted TW…,2018-10-21 21:35:33,BUD,150.0,Heller,1054184450433650000.0
@lpackard: Last year I was diagnosed with stage 4 cancer. I had to fight cancer AND my U.S. Senator just to keep my health insurance. @d…,2018-10-21 21:35:22,Vote November 6th,2619.0,Heller,1054184403394590000.0
"@ReallyAwakenNow: That is a massive amount of people for Elko
#VoteRed @DeanHeller 

These are the real Nevadans
Not the CA transplants…",2018-10-21 21:35:00,I Am #LoveAndie??????????,149.0,Heller,1054184310662750000.0
@allenvollbrecht: @careforworld @RosenforNevada @DeanHeller Mitch McConnell himself gave us the skinny. He and his fellow Republicans ha…,2018-10-21 21:34:53,Allen Vollbrecht,1.0,Heller,1054184284553040000.0
"@allenvollbrecht: @careforworld @RosenforNevada @DeanHeller @GOP Republicans should be where of what they wish for.
Without unskilled wo…",2018-10-21 21:34:43,Allen Vollbrecht,3.0,Heller,1054184242798690000.0
@lpackard: Last year I was diagnosed with stage 4 cancer. I had to fight cancer AND my U.S. Senator just to keep my health insurance. @d…,2018-10-21 21:30:03,Sharon Villagomez,2619.0,Heller,1054183067164830000.0
"@brynnaquillin: A vote for @DeanHeller is a vote for McConnell's agenda of cutting Social Security, Medicare, Medicaid, and the ACA. #NV…",2018-10-21 21:29:16,Lily votes ????☮️ ??,577.0,Heller,1054182869462060000.0
"@dawg_lb: Vote to reelect DEAN HELLER 2018 U.S. Senate Nevada keeping 'RED'!

#RedWave2018 

#WalkAwayfromDemocrats2018

@DeanHeller 
@P…",2018-10-21 21:27:09,Katydid,111.0,Heller,1054182335401410000.0
@thedroopyfushia: @morethanmySLE @bkgut3 @lpackard @DeanHeller @RosenforNevada Blue states already subsidize red states.  The Graham-Cas…,2018-10-21 21:27:01,GN,16.0,Heller,1054182303587600000.0
"@morethanmySLE: @lpackard @DeanHeller .@DeanHeller, the ""Heller"" in 2017 Graham-Cassidy-Heller-Johnson Plan to Replace #ACA Funding w/Bl…",2018-10-21 21:26:48,GN,79.0,Heller,1054182246633090000.0
"@lpackard: .@deanheller's record is so shameful he's stooping to attacking me personally, because he cannot defend his own votes. https:…",2018-10-21 21:26:17,GN,229.0,Heller,1054182118291580000.0
@lpackard: .@deanheller's record is so shameful that he can't even defend it face to face. I was thrown out of his event last year for d…,2018-10-21 21:26:05,GN,283.0,Heller,1054182068916290000.0
@lpackard: Last year I was diagnosed with stage 4 cancer. I had to fight cancer AND my U.S. Senator just to keep my health insurance. @d…,2018-10-21 21:25:41,GN,2619.0,Heller,1054181967367930000.0
"@DeanHeller: Reminder: @RosenforNevada had a press conference calling for the repeal of your tax cut. 

Obviously, that would be really…",2018-10-21 21:24:38,tim mckenna,123.0,Heller,1054181705194660000.0
"@dawg_lb: Vote to reelect DEAN HELLER 2018 U.S. Senate Nevada keeping 'RED'!

#RedWave2018 

#WalkAwayfromDemocrats2018

@DeanHeller 
@P…",2018-10-21 21:23:56,BamaGirl ♥ Undercover ???? ?? ??,111.0,Heller,1054181527502940000.0
@lpackard: Last year I was diagnosed with stage 4 cancer. I had to fight cancer AND my U.S. Senator just to keep my health insurance. @d…,2018-10-21 21:18:27,Natalie??,2619.0,Heller,1054180147434120000.0
@mimi1bandolera: @mviser @DeanHeller IMO that “little Chinese girl” is now your granddaughter. You lack sense and sensibility. #VoteBlue,2018-10-21 21:18:14,RICHARD W. WERT,2.0,Heller,1054180091062740000.0
"@brynnaquillin: A vote for @DeanHeller is a vote for McConnell's agenda of cutting Social Security, Medicare, Medicaid, and the ACA. #NV…",2018-10-21 21:18:04,RICHARD W. WERT,577.0,Heller,1054180051896290000.0
@lpackard: Last year I was diagnosed with stage 4 cancer. I had to fight cancer AND my U.S. Senator just to keep my health insurance. @d…,2018-10-21 21:16:17,Deborah Peterson??,2619.0,Heller,1054179600861980000.0
@lpackard: Last year I was diagnosed with stage 4 cancer. I had to fight cancer AND my U.S. Senator just to keep my health insurance. @d…,2018-10-21 21:15:25,Traveler Grad,2619.0,Heller,1054179383781540000.0
@lpackard: Last year I was diagnosed with stage 4 cancer. I had to fight cancer AND my U.S. Senator just to keep my health insurance. @d…,2018-10-21 21:13:49,Catenigma,2619.0,Heller,1054178982218860000.0
@lpackard: Last year I was diagnosed with stage 4 cancer. I had to fight cancer AND my U.S. Senator just to keep my health insurance. @d…,2018-10-21 21:13:36,"Zoe ""#IBelieveSurvivors"" Washburne????",2619.0,Heller,1054178924761170000.0
@GOP_1980: My wife and I voted for Senator @DeanHeller #VoteDeanHeller and @AdamLaxalt @DannyTarkanian and down the line ticket @GOP! #D…,2018-10-21 21:13:22,Bond. James Bond.,68.0,Heller,1054178867357740000.0
@lpackard: Last year I was diagnosed with stage 4 cancer. I had to fight cancer AND my U.S. Senator just to keep my health insurance. @d…,2018-10-21 21:12:55,FSims,2619.0,Heller,1054178753792870000.0
@LindaRo83487738: @sjcloobeck @Alyssa_Milano I am Voting for @AdamLaxalt   and @DeanHeller 100% #votered,2018-10-21 21:11:11,Fred Askare ❌,2.0,Heller,1054178319418250000.0
"@Stella_Basham1: Nevada. Are Democrats outnumbering Republicans in early voting??

Where are these patriots that went yesterday to @real…",2018-10-21 21:09:40,B,12.0,Heller,1054177935140310000.0
"@Patrici50952853: @FoxNews @DeanHeller @POTUS Another disgusting lies & propoganda hate rally.
DEAN voted to take healthcare away.
GOP p…",2018-10-21 21:08:49,Robert Robertson,1.0,Heller,1054177722358870000.0
@CarolForden: @mviser @DeanHeller remembers his peers Rose Garden party.  High fiving over taking preexisting condition coverage and hea…,2018-10-21 21:07:02,JMG,223.0,Heller,1054177273148900000.0
"@MDresk: @CarolForden @mviser @DeanHeller @SenDeanHeller no one forgot this, Senator. You and the others were smiling and celebrating as…",2018-10-21 21:06:49,JMG,124.0,Heller,1054177218622970000.0
@lpackard: Last year I was diagnosed with stage 4 cancer. I had to fight cancer AND my U.S. Senator just to keep my health insurance. @d…,2018-10-21 21:06:17,JMG,2619.0,Heller,1054177084904370000.0
@paynej247: @bennyjohnson @realDonaldTrump @VP @DeanHeller @AdamLaxalt @mitchellvii Voted Early! #Republicans #GOP Straight Across the B…,2018-10-21 21:03:49,Time=Best Stock,1.0,Heller,1054176464944320000.0
@lpackard: Last year I was diagnosed with stage 4 cancer. I had to fight cancer AND my U.S. Senator just to keep my health insurance. @d…,2018-10-21 21:02:30,Kthor,2619.0,Heller,1054176132742960000.0
"@DeanHeller: It's been a privilege to welcome President @realDonaldTrump back to Nevada to fight with us to get things done. 

Vote for…",2018-10-21 21:02:03,IntoTheOptimystic,137.0,Heller,1054176021547750000.0
"@DeanHeller: Don’t let outside groups and mega donors determine the future of our great state. Get out and vote. 

Find a poll location…",2018-10-21 21:01:42,IntoTheOptimystic,44.0,Heller,1054175932968260000.0
"@HannahBristol: ""I want to again emphasize this is only one day, but trends develop quickly in early voting in Nevada and rarely reverse…",2018-10-21 20:52:35,mark says: vote early NV! 10/20 - 11/2,4.0,Heller,1054173638042180000.0
"@HannahBristol: ""I want to again emphasize this is only one day, but trends develop quickly in early voting in Nevada and rarely reverse…",2018-10-21 20:51:01,Teddy Smyth,4.0,Heller,1054173245249860000.0
Wacky @JackieRosen84 running vs @DeanHeller   She's already been sued & lost that suit to @DannyTarkanian,2018-10-21 20:48:19,The Coach,.0,Heller,1054172565344800000.0
"@DeanHeller: I always love the drive to Elko, but this ride was a little faster. #AirForceOne ",2018-10-21 20:47:44,❌ Undivided Americans,347.0,Heller,1054172417608710000.0
"@richrdhernandez: We just voted! 1 Rep, 1 NP. 

Proud to cast our ballots for 
✔️@DannyTarkanian 
✔️@DeanHeller 
✔️@AdamLaxalt 
✔️@WesDu…",2018-10-21 20:46:23,Ken Sangie,42.0,Heller,1054172077983480000.0
@GOP_1980: My wife and I voted for Senator @DeanHeller #VoteDeanHeller and @AdamLaxalt @DannyTarkanian and down the line ticket @GOP! #D…,2018-10-21 20:44:22,roy fletcher,68.0,Heller,1054171570913050000.0
@FoxNews: .@POTUS finished a three rally tour in Nevada Saturday to stump for Sen. @DeanHeller; @pdoocy has the story. ,2018-10-21 20:37:45,Alex Walker,161.0,Heller,1054169906026110000.0
@FoxNews: .@POTUS finished a three rally tour in Nevada Saturday to stump for Sen. @DeanHeller; @pdoocy has the story. ,2018-10-21 20:34:01,Real_Infinity95,161.0,Heller,1054168965369470000.0
@lpackard: Last year I was diagnosed with stage 4 cancer. I had to fight cancer AND my U.S. Senator just to keep my health insurance. @d…,2018-10-21 20:31:30,Mary Shannon Little,2619.0,Heller,1054168333615070000.0
@lpackard: Last year I was diagnosed with stage 4 cancer. I had to fight cancer AND my U.S. Senator just to keep my health insurance. @d…,2018-10-21 20:31:19,Dana T #RESIST,2619.0,Heller,1054168287410640000.0
"@OtherDanCoats: Had such an amazing time in Elko, NV this week! @DmendozaNVGOP did an incredible job at the #MAGARally for @realDonaldTr…",2018-10-21 20:30:48,John Liberty,19.0,Heller,1054168155768020000.0
"@ReallyAwakenNow: That is a massive amount of people for Elko
#VoteRed @DeanHeller 

These are the real Nevadans
Not the CA transplants…",2018-10-21 20:30:43,AmericanTexasPatriot????,149.0,Heller,1054168136616940000.0
@lpackard: Last year I was diagnosed with stage 4 cancer. I had to fight cancer AND my U.S. Senator just to keep my health insurance. @d…,2018-10-21 20:27:39,humanist,2619.0,Heller,1054167364990880000.0
"@WRStokes: Great first day of early voting ?? for #TeamDean. We had @POTUS with @DeanHeller in Elko this morning, and our teams all aroun…",2018-10-21 20:25:55,Julie Moore,13.0,Heller,1054166927059210000.0
@lpackard: Last year I was diagnosed with stage 4 cancer. I had to fight cancer AND my U.S. Senator just to keep my health insurance. @d…,2018-10-21 20:25:45,United in Love,2619.0,Heller,1054166885074230000.0
"@GOP: If elected, Jacky Rosen has promised to call for the repeal of the GOP tax cuts that have put money back into the pockets of Nevad…",2018-10-21 20:24:03,#VoteRepublican ⭐️⭐️⭐️  ????????,189.0,Heller,1054166457964060000.0
@DeanHeller just voted! #TurnNevadaRed,2018-10-21 20:22:46,DebForTrump45,.0,Heller,1054166135334090000.0
@lpackard: Last year I was diagnosed with stage 4 cancer. I had to fight cancer AND my U.S. Senator just to keep my health insurance. @d…,2018-10-21 20:21:38,Pamela Farrow,2619.0,Heller,1054165848926100000.0
@NatShupe: @GOP_1980 @AdamLaxalt @DannyTarkanian @DeanHeller @RobersonForNV @SOSCegavske @bobbeers @WesDuncan @tiffany4nv @LindaCinVegas…,2018-10-21 20:21:28,Jogar,1.0,Heller,1054165808954260000.0
@underwood_wg: Proud to cast my ballot for @DeanHeller @MarkAmodeiNV2 @AdamLaxalt and the rest of our fantastic Republican candidates on…,2018-10-21 20:21:19,Julie Moore,19.0,Heller,1054165771046140000.0
"@OtherDanCoats: Had such an amazing time in Elko, NV this week! @DmendozaNVGOP did an incredible job at the #MAGARally for @realDonaldTr…",2018-10-21 20:20:41,Julie Moore,19.0,Heller,1054165609284460000.0
@rnlynn1958: @liiluu1111 @BlackWidow1928 @TheBadDadder @cajunchick25 @joegooding @Bridget20917878 @LilyNCali @eatkinson48 @SOTEX2239 @Lo…,2018-10-21 20:20:15,SCOTT R. PATRIQT ????,1.0,Heller,1054165501465800000.0
"@DeanHeller: Just got off Air Force One with Lynne and President @realDonaldTrump — rally happening now! 

#MAGA #NVsen ",2018-10-21 20:18:35,Julie Moore,123.0,Heller,1054165083268410000.0
"@patriciatauthor: Thousands showed up for the TRUMP rally in ELKO, NEVADA!! Go Dean Heller for Senate and Adam Laxalt for Governor!! @De…",2018-10-21 20:16:45,Julie Moore,6.0,Heller,1054164618111680000.0
"@DeanHeller: Don’t let outside groups and mega donors determine the future of our great state. Get out and vote. 

Find a poll location…",2018-10-21 20:15:52,rpd134,44.0,Heller,1054164396216180000.0
"@EdGonzalezNV: Never voted on the first day of early voting but figured since everyone else is doing it, so am I. Glad to have voted for…",2018-10-21 20:15:17,Noah Jennings,5.0,Heller,1054164252477410000.0
"@SwansonPolitics: @POTUS @WesDuncan @AdamLaxalt @DeanHeller Now on the bus back to my car.

It was a great rally.
A great day.
Great peo…",2018-10-21 20:15:04,Scott Osgood,16.0,Heller,1054164195388720000.0
"@SwansonPolitics: @POTUS @WesDuncan @AdamLaxalt @DeanHeller Headed back to Reno.

Working on writing cards for #TeamLaxalt.  

Please #L…",2018-10-21 20:14:54,Noah Jennings,16.0,Heller,1054164154838200000.0
"@patriciatauthor: Thousands showed up for the TRUMP rally in ELKO, NEVADA!! Go Dean Heller for Senate and Adam Laxalt for Governor!! @De…",2018-10-21 20:14:50,Noah Jennings,6.0,Heller,1054164139663220000.0
@DeanHeller You’re going down traitor.,2018-10-21 20:14:42,FedUpJones,.0,Heller,1054164103608980000.0
@liiluu1111: @rnlynn1958 @BlackWidow1928 @TheBadDadder @cajunchick25 @joegooding @Bridget20917878 @LilyNCali @eatkinson48 @SOTEX2239 @Lo…,2018-10-21 20:13:46,Noah Jennings,5.0,Heller,1054163868581120000.0
"@DeanHeller: Don’t let outside groups and mega donors determine the future of our great state. Get out and vote. 

Find a poll location…",2018-10-21 20:12:40,Richie Morgan,44.0,Heller,1054163593258850000.0
"@TeamDean @DeanHeller @RosenforNevada #deanisaLiar who Voted to cut 200,000 of us off Healthcare #sogross #XGOP",2018-10-21 20:09:00,trumpisanAdulterousTraitor,.0,Heller,1054162668863410000.0
@lpackard: Last year I was diagnosed with stage 4 cancer. I had to fight cancer AND my U.S. Senator just to keep my health insurance. @d…,2018-10-21 20:07:17,Howard Waddell,2619.0,Heller,1054162236124610000.0
@lpackard: Last year I was diagnosed with stage 4 cancer. I had to fight cancer AND my U.S. Senator just to keep my health insurance. @d…,2018-10-21 20:06:17,bronc1013,2619.0,Heller,1054161984768350000.0
@SenSchumer Old fools that will lose in the end @senatemajldr @SenateGOP @tedcruz @DeanHeller @MarshaBlackburn @realDonaldTrump @GOP,2018-10-21 20:06:09,Patty,1.0,Heller,1054161951721310000.0
@GOP_1980: My wife and I voted for Senator @DeanHeller #VoteDeanHeller and @AdamLaxalt @DannyTarkanian and down the line ticket @GOP! #D…,2018-10-21 20:04:27,mike,68.0,Heller,1054161525911380000.0
"@NatShupe: I just early voted for #JobsNotMobs.

#VoteGOP
#TurnNVred ??

@AdamLaxalt
@DannyTarkanian ?? 
@DeanHeller
@RobersonForNV
@SOSCe…",2018-10-21 20:04:17,mike,23.0,Heller,1054161481359550000.0
@lpackard: Last year I was diagnosed with stage 4 cancer. I had to fight cancer AND my U.S. Senator just to keep my health insurance. @d…,2018-10-21 20:04:07,Any rand,2619.0,Heller,1054161441043890000.0
"@Teufelhund0331: I just finished voting a straight @NVGOP ticket in #LasVegas

@AdamLaxalt 
@TeamDean @DeanHeller 

I don't live in @Dan…",2018-10-21 20:03:58,mike,27.0,Heller,1054161401588070000.0
@CarolForden: @mviser @DeanHeller remembers his peers Rose Garden party.  High fiving over taking preexisting condition coverage and hea…,2018-10-21 20:03:48,heidi marks,223.0,Heller,1054161361624860000.0
"@DeanHeller: Don’t let outside groups and mega donors determine the future of our great state. Get out and vote. 

Find a poll location…",2018-10-21 20:03:42,Kiwinan,44.0,Heller,1054161336140100000.0
@lpackard: .@deanheller's record is so shameful that he can't even defend it face to face. I was thrown out of his event last year for d…,2018-10-21 20:01:49,klarajk,283.0,Heller,1054160863739950000.0
@GOP_1980: My wife and I voted for Senator @DeanHeller #VoteDeanHeller and @AdamLaxalt @DannyTarkanian and down the line ticket @GOP! #D…,2018-10-21 20:01:28,Manny Morales,68.0,Heller,1054160774808010000.0
@Redhead4645 @MrEdTrain @POTUS @realDonaldTrump This state is full of liberal crazy politicians @DeanHeller must win or Las Vegas is doomed,2018-10-21 20:01:18,Babet,3.0,Heller,1054160732378420000.0
@GOP_1980: My wife and I voted for Senator @DeanHeller #VoteDeanHeller and @AdamLaxalt @DannyTarkanian and down the line ticket @GOP! #D…,2018-10-21 20:00:57,Martha ❌,68.0,Heller,1054160644520460000.0
"@richrdhernandez: We just voted! 1 Rep, 1 NP. 

Proud to cast our ballots for 
✔️@DannyTarkanian 
✔️@DeanHeller 
✔️@AdamLaxalt 
✔️@WesDu…",2018-10-21 20:00:28,Team Laxalt,42.0,Heller,1054160524156430000.0
@GOP_1980: My wife and I voted for Senator @DeanHeller #VoteDeanHeller and @AdamLaxalt @DannyTarkanian and down the line ticket @GOP! #D…,2018-10-21 20:00:01,Tru_Patriot_❌,68.0,Heller,1054160408397910000.0
@liiluu1111: @rnlynn1958 @BlackWidow1928 @TheBadDadder @cajunchick25 @joegooding @Bridget20917878 @LilyNCali @eatkinson48 @SOTEX2239 @Lo…,2018-10-21 19:59:55,Team Laxalt,5.0,Heller,1054160385631110000.0
"@Peoples_Pundit: . @DeanHeller said Nevada has become ""@realDonaldTrump Country."" 

His approval in Nevada is about 7 points higher than…",2018-10-21 19:58:57,Susan Scott,317.0,Heller,1054160140784590000.0
"@richrdhernandez: We just voted! 1 Rep, 1 NP. 

Proud to cast our ballots for 
✔️@DannyTarkanian 
✔️@DeanHeller 
✔️@AdamLaxalt 
✔️@WesDu…",2018-10-21 19:58:45,"R. Scott Ernst, CPA, J.D. ????",42.0,Heller,1054160088838040000.0
"@NatShupe: I just early voted for #JobsNotMobs.

#VoteGOP
#TurnNVred ??

@AdamLaxalt
@DannyTarkanian ?? 
@DeanHeller
@RobersonForNV
@SOSCe…",2018-10-21 19:58:32,"R. Scott Ernst, CPA, J.D. ????",23.0,Heller,1054160036203620000.0
"@HannahBristol: ""I want to again emphasize this is only one day, but trends develop quickly in early voting in Nevada and rarely reverse…",2018-10-21 19:58:02,Tyson Megown,4.0,Heller,1054159910273870000.0
@GOP_1980: My wife and I voted for Senator @DeanHeller #VoteDeanHeller and @AdamLaxalt @DannyTarkanian and down the line ticket @GOP! #D…,2018-10-21 19:57:55,Andrew Joseph,68.0,Heller,1054159881844930000.0
@LatinaPatriotNV: Both @DeanHeller and @AdamLaxalt have my vote!!! @AStrongNevada @RosenforNevada ,2018-10-21 19:57:50,Team Laxalt,3.0,Heller,1054159858113470000.0
Shameful! @DeanHeller ,2018-10-21 19:57:47,twinkietigress,1.0,Heller,1054159845656420000.0
@lpackard: Last year I was diagnosed with stage 4 cancer. I had to fight cancer AND my U.S. Senator just to keep my health insurance. @d…,2018-10-21 19:57:00,Jan Davis,2619.0,Heller,1054159649333810000.0
@GOP_1980: My wife and I voted for Senator @DeanHeller #VoteDeanHeller and @AdamLaxalt @DannyTarkanian and down the line ticket @GOP! #D…,2018-10-21 19:56:54,"R. Scott Ernst, CPA, J.D. ????",68.0,Heller,1054159626403370000.0
@lpackard: Last year I was diagnosed with stage 4 cancer. I had to fight cancer AND my U.S. Senator just to keep my health insurance. @d…,2018-10-21 19:56:26,Robin Warshaw,2619.0,Heller,1054159507096590000.0
@GOP_1980: My wife and I voted for Senator @DeanHeller #VoteDeanHeller and @AdamLaxalt @DannyTarkanian and down the line ticket @GOP! #D…,2018-10-21 19:56:12,LATINO TOWNHALL,68.0,Heller,1054159449256910000.0
@GOP_1980: My wife and I voted for Senator @DeanHeller #VoteDeanHeller and @AdamLaxalt @DannyTarkanian and down the line ticket @GOP! #D…,2018-10-21 19:55:40,Lead Strategies,68.0,Heller,1054159316075220000.0
"@DeanHeller: Don’t let outside groups and mega donors determine the future of our great state. Get out and vote. 

Find a poll location…",2018-10-21 19:55:10,Kyle Raccio,44.0,Heller,1054159189239630000.0
"@DeanHeller: Don’t let outside groups and mega donors determine the future of our great state. Get out and vote. 

Find a poll location…",2018-10-21 19:54:50,mike,44.0,Heller,1054159103633760000.0
@KimberlyFergus: USA ???? 1St! Vote ?? Red @DeanHeller @SenDeanHeller @AdamLaxalt @RobersonForNV @WesDuncan @SOSCegavske @bobbeers Ron Knec…,2018-10-21 19:47:18,Noah Jennings,3.0,Heller,1054157209804790000.0
@MrsT106: Hey #Nevada heads up! I'm watching @FoxNews while on the treadmill and Senator @DeanHeller is about to go on! #NVSen,2018-10-21 19:46:13,Christian Martinez,3.0,Heller,1054156936768220000.0
@lpackard: Last year I was diagnosed with stage 4 cancer. I had to fight cancer AND my U.S. Senator just to keep my health insurance. @d…,2018-10-21 19:46:11,Joan Darby,2619.0,Heller,1054156929382140000.0
"@DeanHeller: Looking forward to welcoming President @realdonaldtrump back to Nevada. 

",2018-10-21 19:44:08,Christian Martinez,216.0,Heller,1054156412559850000.0
"@ReallyAwakenNow: That is a massive amount of people for Elko
#VoteRed @DeanHeller 

These are the real Nevadans
Not the CA transplants…",2018-10-21 19:43:42,Julie (Sunflower??Deplorable),149.0,Heller,1054156302392410000.0
@GOP_1980 @DeanHeller @AdamLaxalt @DannyTarkanian @GOP @DTSummerlin Thank you for clarifying that for me.,2018-10-21 19:42:58,Dawn Marie,.0,Heller,1054156117268290000.0
@lpackard: Last year I was diagnosed with stage 4 cancer. I had to fight cancer AND my U.S. Senator just to keep my health insurance. @d…,2018-10-21 19:42:36,Vote November 6????????,2619.0,Heller,1054156023806730000.0
"@DouglasPatch: Early voting begins today in #Nevada. 

Get out and vote for @DeanHeller and @AdamLaxalt!

Find your polling place here:…",2018-10-21 19:41:43,Christian Martinez,6.0,Heller,1054155805639880000.0
"@DeanHeller: Just got off Air Force One with Lynne and President @realDonaldTrump — rally happening now! 

#MAGA #NVsen ",2018-10-21 19:41:40,Christian Martinez,123.0,Heller,1054155789961580000.0
@DeanHeller Exactly why we are voting you out,2018-10-21 19:40:04,John Rowbotham,.0,Heller,1054155386574460000.0
"@DeanHeller: It's been a privilege to welcome President @realDonaldTrump back to Nevada to fight with us to get things done. 

Vote for…",2018-10-21 19:39:52,Vonya,137.0,Heller,1054155336762910000.0
@lpackard: Last year I was diagnosed with stage 4 cancer. I had to fight cancer AND my U.S. Senator just to keep my health insurance. @d…,2018-10-21 19:38:30,"Ban Trump, Fire @jack",2619.0,Heller,1054154992385490000.0
@JJJOY7: @RosenforNevada Don't be fooled by the Dems. Vote Republican in November! We need to keep our country as we know it. Vote @Dean…,2018-10-21 19:37:42,ProudRepublican,1.0,Heller,1054154794565170000.0
"@DeanHeller: It's been a privilege to welcome President @realDonaldTrump back to Nevada to fight with us to get things done. 

Vote for…",2018-10-21 19:37:37,Christian Martinez,137.0,Heller,1054154771123270000.0
@lpackard: Last year I was diagnosed with stage 4 cancer. I had to fight cancer AND my U.S. Senator just to keep my health insurance. @d…,2018-10-21 19:35:42,cosborne,2619.0,Heller,1054154288035980000.0
"@DeanHeller @realDonaldTrump You singlehandedly brought back the term, ""gag me with a spoon.""",2018-10-21 19:35:07,tags7453????????????,.0,Heller,1054154142044860000.0
"@DeanHeller: Was it worth it @RosenforNevada?

You never answered. 

#NVdebate #NVSen ",2018-10-21 19:33:53,Christian Martinez,334.0,Heller,1054153832219860000.0
@lpackard: Last year I was diagnosed with stage 4 cancer. I had to fight cancer AND my U.S. Senator just to keep my health insurance. @d…,2018-10-21 19:33:45,Dump Trump,2619.0,Heller,1054153799164740000.0
@lpackard: Last year I was diagnosed with stage 4 cancer. I had to fight cancer AND my U.S. Senator just to keep my health insurance. @d…,2018-10-21 19:32:45,Linda Feinberg,2619.0,Heller,1054153547988770000.0
@lpackard: Last year I was diagnosed with stage 4 cancer. I had to fight cancer AND my U.S. Senator just to keep my health insurance. @d…,2018-10-21 19:27:45,Chris,2619.0,Heller,1054152287730450000.0
@lpackard: Last year I was diagnosed with stage 4 cancer. I had to fight cancer AND my U.S. Senator just to keep my health insurance. @d…,2018-10-21 19:26:37,isabelle kirshner,2619.0,Heller,1054152005126680000.0
@lpackard: Last year I was diagnosed with stage 4 cancer. I had to fight cancer AND my U.S. Senator just to keep my health insurance. @d…,2018-10-21 19:19:25,Savage Llama,2619.0,Heller,1054150190796550000.0
@GOP_1980: My wife and I voted for Senator @DeanHeller #VoteDeanHeller and @AdamLaxalt @DannyTarkanian and down the line ticket @GOP! #D…,2018-10-21 19:18:39,Kathleen G,68.0,Heller,1054149997535480000.0
@lpackard: Last year I was diagnosed with stage 4 cancer. I had to fight cancer AND my U.S. Senator just to keep my health insurance. @d…,2018-10-21 19:18:27,S. Fleischer,2619.0,Heller,1054149950009980000.0
@lpackard: Last year I was diagnosed with stage 4 cancer. I had to fight cancer AND my U.S. Senator just to keep my health insurance. @d…,2018-10-21 19:18:26,Francine Fein,2619.0,Heller,1054149942527390000.0
@lpackard: Last year I was diagnosed with stage 4 cancer. I had to fight cancer AND my U.S. Senator just to keep my health insurance. @d…,2018-10-21 19:18:21,Tere Strombotne,2619.0,Heller,1054149921283070000.0
"@ReallyAwakenNow: That is a massive amount of people for Elko
#VoteRed @DeanHeller 

These are the real Nevadans
Not the CA transplants…",2018-10-21 19:18:16,Sandpiper??✝️✡️????❤️,149.0,Heller,1054149901871920000.0
@lpackard: Last year I was diagnosed with stage 4 cancer. I had to fight cancer AND my U.S. Senator just to keep my health insurance. @d…,2018-10-21 19:17:13,Jnfetters,2619.0,Heller,1054149639279080000.0
@lpackard: Last year I was diagnosed with stage 4 cancer. I had to fight cancer AND my U.S. Senator just to keep my health insurance. @d…,2018-10-21 19:14:05,Stacy The Resistance,2619.0,Heller,1054148848753480000.0
@BarbBartter @DeanHeller @realDonaldTrump @RosenforNevada You’re funny! Good luck! #BeBest,2018-10-21 19:13:51,Rana,.0,Heller,1054148790335100000.0
@FoxNews: .@POTUS finished a three rally tour in Nevada Saturday to stump for Sen. @DeanHeller; @pdoocy has the story. #FoxReport https:…,2018-10-21 19:13:11,Alex Walker,230.0,Heller,1054148624849040000.0
"@DeanHeller: I always love the drive to Elko, but this ride was a little faster. #AirForceOne ",2018-10-21 19:12:50,HellothereLivia,347.0,Heller,1054148532817450000.0
"@RanaLV @DeanHeller @realDonaldTrump @RosenforNevada @RanaLV Rosen is ALL lies, paid for by HRC. #HellerForNevada",2018-10-21 19:12:26,Barb Bartter,.0,Heller,1054148432917490000.0
"@WRStokes: Great first day of early voting ?? for #TeamDean. We had @POTUS with @DeanHeller in Elko this morning, and our teams all aroun…",2018-10-21 19:12:13,HellothereLivia,13.0,Heller,1054148378563570000.0
"@MickyWhiteNV: ??SET OFF ALL OF THE ALARMS??
Trump is attempting to dehumanize Americans by creating a government that will treat Transgen…",2018-10-21 19:11:55,Lt. Uhura ????,7.0,Heller,1054148304127250000.0
"@DeanHeller: It's been a privilege to welcome President @realDonaldTrump back to Nevada to fight with us to get things done. 

Vote for…",2018-10-21 19:11:52,HellothereLivia,137.0,Heller,1054148291129000000.0
@TeamDean: The difference between @DeanHeller and @RosenforNevada is obvious just by looking at the map: ,2018-10-21 19:10:43,Law Yoon,3.0,Heller,1054148001839510000.0
@underwood_wg: Proud to cast my ballot for @DeanHeller @MarkAmodeiNV2 @AdamLaxalt and the rest of our fantastic Republican candidates on…,2018-10-21 19:10:38,HellothereLivia,19.0,Heller,1054147979433540000.0
"@lpackard: .@deanheller's record is so shameful he's stooping to attacking me personally, because he cannot defend his own votes. https:…",2018-10-21 19:10:21,KathyA11,229.0,Heller,1054147908466080000.0
@FoxNews: .@POTUS finished a three rally tour in Nevada Saturday to stump for Sen. @DeanHeller; @pdoocy has the story. #FoxReport https:…,2018-10-21 19:10:00,Prolly So ❌,230.0,Heller,1054147820339590000.0
@klr_reno @DeanHeller ...and for whom is he working?,2018-10-21 19:09:43,Heather D. Feckful Waters,.0,Heller,1054147751104050000.0
"@HannahBristol: ""I want to again emphasize this is only one day, but trends develop quickly in early voting in Nevada and rarely reverse…",2018-10-21 19:09:34,Kate Frauenfelder,4.0,Heller,1054147712155770000.0
"@hughhewitt: When @DeanHeller wins Nevada Senate race, the #JusticeKavanaugh effect willl be impossible to miss.  But #BlueBubbles will…",2018-10-21 19:07:29,loveAmericaSeekTruth❌,23.0,Heller,1054147188861730000.0
@lpackard: Last year I was diagnosed with stage 4 cancer. I had to fight cancer AND my U.S. Senator just to keep my health insurance. @d…,2018-10-21 19:06:53,s,2619.0,Heller,1054147035794800000.0
@lpackard: .@deanheller's record is so shameful that he can't even defend it face to face. I was thrown out of his event last year for d…,2018-10-21 19:06:44,s,283.0,Heller,1054146998960460000.0
"@lpackard: .@deanheller's record is so shameful he's stooping to attacking me personally, because he cannot defend his own votes. https:…",2018-10-21 19:06:34,s,229.0,Heller,1054146957059380000.0
"@morethanmySLE: @lpackard @DeanHeller .@DeanHeller, the ""Heller"" in 2017 Graham-Cassidy-Heller-Johnson Plan to Replace #ACA Funding w/Bl…",2018-10-21 19:06:18,s,79.0,Heller,1054146890105650000.0
@thedroopyfushia: @morethanmySLE @bkgut3 @lpackard @DeanHeller @RosenforNevada Blue states already subsidize red states.  The Graham-Cas…,2018-10-21 19:06:07,s,16.0,Heller,1054146845717330000.0
@lpackard: Last year I was diagnosed with stage 4 cancer. I had to fight cancer AND my U.S. Senator just to keep my health insurance. @d…,2018-10-21 19:05:32,Judy Thomas,2619.0,Heller,1054146696899380000.0
"@DeanHeller: It's been a privilege to welcome President @realDonaldTrump back to Nevada to fight with us to get things done. 

Vote for…",2018-10-21 19:05:10,deplorableBob63,137.0,Heller,1054146606939990000.0
"@DeanHeller: Don’t let outside groups and mega donors determine the future of our great state. Get out and vote. 

Find a poll location…",2018-10-21 19:04:17,Julie Moore,44.0,Heller,1054146384146750000.0
"@IndivisibleLV: @DeanHeller @OtherDanCoats @NVGOP Um, nope.",2018-10-21 19:04:15,coop,1.0,Heller,1054146373115760000.0
"@BodyBySteph: Great #MAGA TRUMP Ralley today in Elko NV at the Regional Airport!
Drove 7 hrs went straight to event. Great energy seeing…",2018-10-21 19:03:58,Depl0r@ble Drevv$ki,18.0,Heller,1054146305235180000.0
"@richrdhernandez: We just voted! 1 Rep, 1 NP. 

Proud to cast our ballots for 
✔️@DannyTarkanian 
✔️@DeanHeller 
✔️@AdamLaxalt 
✔️@WesDu…",2018-10-21 19:02:18,Deplorable Lori. ??????????????????????????,42.0,Heller,1054145886119310000.0
"@OtherDanCoats: Had such an amazing time in Elko, NV this week! @DmendozaNVGOP did an incredible job at the #MAGARally for @realDonaldTr…",2018-10-21 19:01:01,Cami,19.0,Heller,1054145559794080000.0
@lpackard: Last year I was diagnosed with stage 4 cancer. I had to fight cancer AND my U.S. Senator just to keep my health insurance. @d…,2018-10-21 19:00:40,Timothy W Murray,2619.0,Heller,1054145474930840000.0
@thedroopyfushia: @morethanmySLE @bkgut3 @lpackard @DeanHeller @RosenforNevada Blue states already subsidize red states.  The Graham-Cas…,2018-10-21 19:00:21,Dragonfly,16.0,Heller,1054145392236020000.0
"@morethanmySLE: @lpackard @DeanHeller .@DeanHeller, the ""Heller"" in 2017 Graham-Cassidy-Heller-Johnson Plan to Replace #ACA Funding w/Bl…",2018-10-21 19:00:11,Dragonfly,79.0,Heller,1054145350892690000.0
"@HoarseWisperer: @DeanHeller You are a vile fucking pustule on the ass of this nation. 

I will celebrate the downfall of you, your part…",2018-10-21 18:59:48,Donna spackman,15.0,Heller,1054145253614250000.0
"@lpackard: .@deanheller's record is so shameful he's stooping to attacking me personally, because he cannot defend his own votes. https:…",2018-10-21 18:59:35,Dragonfly,229.0,Heller,1054145198412960000.0
@lpackard: .@deanheller's record is so shameful that he can't even defend it face to face. I was thrown out of his event last year for d…,2018-10-21 18:59:27,Dragonfly,283.0,Heller,1054145168033700000.0
@lpackard: Last year I was diagnosed with stage 4 cancer. I had to fight cancer AND my U.S. Senator just to keep my health insurance. @d…,2018-10-21 18:59:06,Dragonfly,2619.0,Heller,1054145080674740000.0
@lpackard: Last year I was diagnosed with stage 4 cancer. I had to fight cancer AND my U.S. Senator just to keep my health insurance. @d…,2018-10-21 18:58:46,CynicalVisionary,2619.0,Heller,1054144993894560000.0
"@EdRutherford: @DeanHeller Excuse me Dean, I need to go make another donation to your opponent.",2018-10-21 18:58:03,maureen black,10.0,Heller,1054144812608180000.0
@Hayle138: @DeanHeller You will pay that price at the polls we all use to vote.  You have proven that you are not concerned enough to re…,2018-10-21 18:57:58,maureen black,1.0,Heller,1054144792848810000.0
"@Hayle138: @DeanHeller You know Sen, I have written to you before seeing you on here today.  You are disgusting most of us here in NV.…",2018-10-21 18:57:54,maureen black,1.0,Heller,1054144777929680000.0
"@HoarseWisperer: @DeanHeller You are a vile fucking pustule on the ass of this nation. 

I will celebrate the downfall of you, your part…",2018-10-21 18:57:39,maureen black,15.0,Heller,1054144715874910000.0
"@KottiPillar: @DeanHeller @SenDeanHeller Or how about this one, @SenDeanHeller?

Before you happily handed both Nevada and America to bi…",2018-10-21 18:57:10,maureen black,39.0,Heller,1054144590658160000.0
"@KottiPillar: @DeanHeller Before you helped ""write"" the #GOPTaxScam so you could commit your #GOPSmashAndGrab for billionaire #BigOilBit…",2018-10-21 18:57:04,maureen black,50.0,Heller,1054144566289300000.0
"@KottiPillar: @DeanHeller Did you?
??
Well, you helped dig early graves for your children + grandchildren. 
You helped murder citizens of…",2018-10-21 18:56:57,maureen black,71.0,Heller,1054144537646420000.0
"@twf775: Tonight, @DeanHeller proved why he is Nevada's only choice for #NVSen. 

He delivers. 

@RosenforNevada on the other hand? 

No…",2018-10-21 18:56:29,Scott the American Nationalist,8.0,Heller,1054144420373680000.0
@DeanHeller No. Let's let the NRA decide that as you peek out of their pocket. #fucktrump #BeBest,2018-10-21 18:55:59,Las Vegas Muse,.0,Heller,1054144294246770000.0
"@Soneff: Another day, another missed opportunity for @DannyTarkanian to refute @DeanHeller’s claim that ""Danny Tarkanian can’t be truste…",2018-10-21 18:53:44,CryptoBongoCat,1.0,Heller,1054143728783250000.0
@lpackard: Last year I was diagnosed with stage 4 cancer. I had to fight cancer AND my U.S. Senator just to keep my health insurance. @d…,2018-10-21 18:49:17,Vote November 6th,2619.0,Heller,1054142607377550000.0
@lpackard: Last year I was diagnosed with stage 4 cancer. I had to fight cancer AND my U.S. Senator just to keep my health insurance. @d…,2018-10-21 18:49:14,LM Taylor,2619.0,Heller,1054142595604100000.0
@lpackard @DeanHeller Then Fight Back and #VoteBlue,2018-10-21 18:48:45,Bob Davidson,.0,Heller,1054142472241190000.0
@noyzrost: @Senate_Fund @RosenforNevada Let's get this straight. @DeanHeller has not done anything for Nevadans. All he did was cozy wit…,2018-10-21 18:48:13,Rita L,2.0,Heller,1054142339365590000.0
@GOP_1980: My wife and I voted for Senator @DeanHeller #VoteDeanHeller and @AdamLaxalt @DannyTarkanian and down the line ticket @GOP! #D…,2018-10-21 18:46:38,Noah Jennings,68.0,Heller,1054141943481980000.0
@lpackard: .@deanheller's record is so shameful that he can't even defend it face to face. I was thrown out of his event last year for d…,2018-10-21 18:46:11,NoNazis,283.0,Heller,1054141829673760000.0
@lpackard: Last year I was diagnosed with stage 4 cancer. I had to fight cancer AND my U.S. Senator just to keep my health insurance. @d…,2018-10-21 18:46:06,All AZ fan.,2619.0,Heller,1054141807531970000.0
@lpackard: Last year I was diagnosed with stage 4 cancer. I had to fight cancer AND my U.S. Senator just to keep my health insurance. @d…,2018-10-21 18:46:05,Pragmatic Obots,2619.0,Heller,1054141803300040000.0
Both @DeanHeller and @AdamLaxalt have my vote!!! @AStrongNevada @RosenforNevada ,2018-10-21 18:43:00,Latina PatriotUSA,3.0,Heller,1054141026468720000.0
@DeanHeller No kidding.  That’s why we’re not voting for you.  You have 6% small donors and 60% comes from out of state.,2018-10-21 18:39:58,Andrew Taylor,.0,Heller,1054140265051520000.0
"@theClaudiaInez: @RepSwalwell @KimOrtega3 @tedcruz @DeanHeller Idgaf.
I expect this shit from men.
There is nothing as repulsive as a wo…",2018-10-21 18:39:09,#ImpeachTrump,6.0,Heller,1054140060264690000.0
"@jjauthor: So, if you are a supporter of the O-care law that depended on lies & bribes to get passed – what does that make you?

#Vote @…",2018-10-21 18:38:12,ELC,9.0,Heller,1054139818651890000.0
@DeanHeller Why not? You have!,2018-10-21 18:38:07,John Tierney,.0,Heller,1054139796266750000.0
"@jjauthor: So, if you are a supporter of the O-care law that depended on lies & bribes to get passed – what does that make you?

#Vote @…",2018-10-21 18:37:53,Jack Sutter,9.0,Heller,1054139740671200000.0
"@Teufelhund0331: I just finished voting a straight @NVGOP ticket in #LasVegas

@AdamLaxalt 
@TeamDean @DeanHeller 

I don't live in @Dan…",2018-10-21 18:36:56,MAGA Me,27.0,Heller,1054139500115320000.0
"@DeanHeller: It's been a privilege to welcome President @realDonaldTrump back to Nevada to fight with us to get things done. 

Vote for…",2018-10-21 18:34:00,Celebrities are not real people,137.0,Heller,1054138764191160000.0
@lpackard: Last year I was diagnosed with stage 4 cancer. I had to fight cancer AND my U.S. Senator just to keep my health insurance. @d…,2018-10-21 18:33:48,J B X,2619.0,Heller,1054138709791120000.0
"@DeanHeller: I always love the drive to Elko, but this ride was a little faster. #AirForceOne ",2018-10-21 18:32:47,Celebrities are not real people,347.0,Heller,1054138454253010000.0
"@jjauthor: So, if you are a supporter of the O-care law that depended on lies & bribes to get passed – what does that make you?

#Vote @…",2018-10-21 18:31:19,Bob burns,9.0,Heller,1054138086265940000.0
@lpackard: Last year I was diagnosed with stage 4 cancer. I had to fight cancer AND my U.S. Senator just to keep my health insurance. @d…,2018-10-21 18:30:01,Scott Ketcher,2619.0,Heller,1054137760779550000.0
"@jjauthor: So, if you are a supporter of the O-care law that depended on lies & bribes to get passed – what does that make you?

#Vote @…",2018-10-21 18:29:42,Trump Inner Circle,9.0,Heller,1054137679799940000.0
"@LasVegasSun @DeanHeller is a bottom dweller!!
@RosenforNevada will not LIE to Nevadans!
#VoteBlueToSaveAmerica #Blue",2018-10-21 18:29:04,evolve2solve,.0,Heller,1054137519036490000.0
"@jjauthor: So, if you are a supporter of the O-care law that depended on lies & bribes to get passed – what does that make you?

#Vote @…",2018-10-21 18:28:58,Marcus Quidam,9.0,Heller,1054137494655190000.0
@lpackard: Last year I was diagnosed with stage 4 cancer. I had to fight cancer AND my U.S. Senator just to keep my health insurance. @d…,2018-10-21 18:28:35,Franca Rivera,2619.0,Heller,1054137400933290000.0
@lpackard: Last year I was diagnosed with stage 4 cancer. I had to fight cancer AND my U.S. Senator just to keep my health insurance. @d…,2018-10-21 18:28:17,Hope,2619.0,Heller,1054137324781630000.0
@RanaLV: @RileySnyder @RalstonReports @DeanHeller @DannyTarkanian @ElectHof Is this the same @SenDeanHeller who says he has evolved into…,2018-10-21 18:28:11,CryptoBongoCat,1.0,Heller,1054137296767770000.0
@mcneelege: @RileySnyder @RalstonReports @DeanHeller @DannyTarkanian @ElectHof Is this the same Dean Heller supporting and contributing…,2018-10-21 18:28:08,CryptoBongoCat,1.0,Heller,1054137287674490000.0
@RileySnyder: .@DeanHeller campaign issues release attacking @DannyTarkanian for endorsements from far-right radio host Jeff Belgrade &…,2018-10-21 18:27:23,CryptoBongoCat,11.0,Heller,1054137095604690000.0
@CarolForden: @mviser @DeanHeller remembers his peers Rose Garden party.  High fiving over taking preexisting condition coverage and hea…,2018-10-21 18:25:43,Yorkiepoo Mom,223.0,Heller,1054136677550250000.0
"@lpackard @Ekodeb1 @DeanHeller We fight the same battles, Laura.  He's a liar, playing to the poorly educated.",2018-10-21 18:24:41,Coltrane Decker,.0,Heller,1054136417704540000.0
"@DeanHeller: Was it worth it @RosenforNevada?

You never answered. 

#NVdebate #NVSen ",2018-10-21 18:22:30,Vicki Jay,334.0,Heller,1054135869865670000.0
"@lpackard: .@deanheller's record is so shameful he's stooping to attacking me personally, because he cannot defend his own votes. https:…",2018-10-21 18:21:56,Angela Henderson,229.0,Heller,1054135725522910000.0
@lpackard: .@deanheller's record is so shameful that he can't even defend it face to face. I was thrown out of his event last year for d…,2018-10-21 18:21:39,Angela Henderson,283.0,Heller,1054135655197020000.0
@lpackard: Last year I was diagnosed with stage 4 cancer. I had to fight cancer AND my U.S. Senator just to keep my health insurance. @d…,2018-10-21 18:19:08,Stephen Callaghan,2619.0,Heller,1054135021378910000.0
@lpackard: Last year I was diagnosed with stage 4 cancer. I had to fight cancer AND my U.S. Senator just to keep my health insurance. @d…,2018-10-21 18:19:02,VOTE VOTE VOTE - or give up more freedoms.,2619.0,Heller,1054134997110660000.0
@lpackard: Last year I was diagnosed with stage 4 cancer. I had to fight cancer AND my U.S. Senator just to keep my health insurance. @d…,2018-10-21 18:18:50,Kathy Emerson,2619.0,Heller,1054134945663330000.0
@CarolForden: @mviser @DeanHeller remembers his peers Rose Garden party.  High fiving over taking preexisting condition coverage and hea…,2018-10-21 18:18:42,?? E PLURIBUS UNUM ????,223.0,Heller,1054134909923700000.0
@lpackard: Last year I was diagnosed with stage 4 cancer. I had to fight cancer AND my U.S. Senator just to keep my health insurance. @d…,2018-10-21 18:16:39,Wendy ????,2619.0,Heller,1054134396100340000.0
@lpackard: Last year I was diagnosed with stage 4 cancer. I had to fight cancer AND my U.S. Senator just to keep my health insurance. @d…,2018-10-21 18:16:12,Roz Alexander,2619.0,Heller,1054134281231040000.0
@lpackard: Last year I was diagnosed with stage 4 cancer. I had to fight cancer AND my U.S. Senator just to keep my health insurance. @d…,2018-10-21 18:16:06,"America...you're in danger, girl - VOTE NOV 6TH!",2619.0,Heller,1054134258502130000.0
@CarolForden: @mviser @DeanHeller remembers his peers Rose Garden party.  High fiving over taking preexisting condition coverage and hea…,2018-10-21 18:15:47,Tina Morphis fighting #CreepyPornPresident,223.0,Heller,1054134178328000000.0
@lpackard: Last year I was diagnosed with stage 4 cancer. I had to fight cancer AND my U.S. Senator just to keep my health insurance. @d…,2018-10-21 18:15:19,Tina Morphis fighting #CreepyPornPresident,2619.0,Heller,1054134058622640000.0
@lpackard: Last year I was diagnosed with stage 4 cancer. I had to fight cancer AND my U.S. Senator just to keep my health insurance. @d…,2018-10-21 18:13:40,9Gen,2619.0,Heller,1054133644988690000.0
@GOP_1980 @DeanHeller @AdamLaxalt @DannyTarkanian @GOP @DTSummerlin May I ask what #DefyHistory means?,2018-10-21 18:12:57,Dawn Marie,.0,Heller,1054133462880310000.0
"@1personamerican: @Trump_MAGA45 @BBudd8 @realsteveneisen @VickieBluewave @DeanHeller Medicaid covers 1 in 10 veterans ages 19-64 

About…",2018-10-21 18:12:01,Vickie Turner,1.0,Heller,1054133230465520000.0
@IndepenentMr: @DeanHeller Its not about who can outspend the other.  It comes down to you and Jacky.  I watched the debate.  You came a…,2018-10-21 18:11:42,"Mr. Indepenent (NEVADA,USA)",1.0,Heller,1054133151776220000.0
"@DeanHeller: Don’t let outside groups and mega donors determine the future of our great state. Get out and vote. 

Find a poll location…",2018-10-21 18:11:38,Conversation Major,44.0,Heller,1054133135384900000.0
@nvdems @DeanHeller Good for him.,2018-10-21 18:11:17,Fredrickthall,.0,Heller,1054133044112700000.0
"@DeanHeller: It's been a privilege to welcome President @realDonaldTrump back to Nevada to fight with us to get things done. 

Vote for…",2018-10-21 18:10:14,Croatan Sound,137.0,Heller,1054132782073630000.0
"@1Republic14Star: @mviser @DeanHeller - Businssmen with the ""Midas Touch"" don't pay $25 million dollar judgments to settle fraud claims,…",2018-10-21 18:09:20,Jacquelyn Calvert,50.0,Heller,1054132555518260000.0
@lpackard: Last year I was diagnosed with stage 4 cancer. I had to fight cancer AND my U.S. Senator just to keep my health insurance. @d…,2018-10-21 18:06:11,Beth Gross,2619.0,Heller,1054131763759470000.0
"@DeanHeller Dude, CUT with the hypocrisy .",2018-10-21 18:05:48,Noice Brosef,.0,Heller,1054131666225060000.0
@SwansonPolitics: @GOP_1980 @DeanHeller @AdamLaxalt @DannyTarkanian @GOP @DTSummerlin Thank you!!!!,2018-10-21 18:04:23,Jogar,1.0,Heller,1054131310065680000.0
@GOP_1980 @DeanHeller @AdamLaxalt @DannyTarkanian @GOP @DTSummerlin Thank you!!!!,2018-10-21 18:03:46,Rochelle Swanson,1.0,Heller,1054131151734900000.0
@sensiblemiddle: @Rep_Hunter @RepChrisCollins @DeanHeller @VoteMarsha @coffmanforco all voted for the phony #GOPTaxScam that is blowing…,2018-10-21 18:02:36,McCann,12.0,Heller,1054130858007940000.0